Product Name,Price,Ratings,Number of Reviews,Availability Status
iPhone 14 Plus,480,4.5,14976,Out of Stock
iPhone 8 Plus,1084,4.0,12715,In Stock
iPhone 15,1324,4.5,14580,Limited Stock
iPhone 11 Pro Max,1036,4.9,7184,Coming Soon
iPhone 15 Pro Max,951,3.7,8074,In Stock
iPhone 14 Pro,959,4.1,1126,In Stock
iPhone 15 Plus,1382,3.5,12789,In Stock
iPhone 7 Plus,472,4.8,8077,In Stock
iPhone 15 Plus,1143,4.1,3257,Out of Stock
iPhone 13 Pro,532,4.6,4200,Coming Soon
iPhone 14 Pro,586,4.1,6913,Coming Soon
iPhone XR,357,4.1,11315,Out of Stock
iPhone 13,784,3.5,10792,Out of Stock
iPhone 15 Pro,574,4.0,2987,Limited Stock
iPhone 15 Pro,517,3.8,12655,Limited Stock
iPhone 12 Pro,252,4.7,8335,Coming Soon
iPhone 8,984,4.8,11334,Limited Stock
iPhone 13 Pro,786,4.3,8848,In Stock
iPhone 8,1236,3.8,6123,In Stock
iPhone 12 Pro Max,591,3.9,1322,Limited Stock
iPhone SE (3rd Gen),174,4.2,10554,In Stock
iPhone 14,1395,4.0,10818,Out of Stock
iPhone 14 Pro,1496,4.3,8070,Out of Stock
iPhone 13 Pro Max,274,5.0,7936,In Stock
iPhone X,1287,3.5,12985,In Stock
iPhone 8 Plus,1202,4.3,6922,In Stock
iPhone 15,282,3.6,3998,Coming Soon
iPhone 12 Pro,1037,4.6,9214,Limited Stock
iPhone 13,413,3.9,9055,Out of Stock
iPhone 14 Plus,891,3.7,11603,Limited Stock
iPhone 15 Plus,1333,4.8,12343,Coming Soon
iPhone X,580,4.9,5306,Coming Soon
iPhone 11 Pro,714,3.7,5276,Coming Soon
iPhone 8,168,4.7,1762,Coming Soon
iPhone 12,1157,3.7,2955,Coming Soon
iPhone 12 Mini,1311,4.7,9660,Coming Soon
iPhone 7,1325,3.6,1906,Limited Stock
iPhone 13 Mini,791,3.9,7867,Limited Stock
iPhone 13 Pro Max,318,4.5,4582,Out of Stock
iPhone 15,612,3.9,13752,In Stock
iPhone 14 Pro,998,4.1,13672,Out of Stock
iPhone 13 Pro,1493,3.8,2552,Coming Soon
iPhone 13,960,3.9,12204,Out of Stock
iPhone 14,518,4.6,6982,Out of Stock
iPhone 15,873,4.1,13041,Coming Soon
iPhone 15 Pro,1015,4.8,7641,In Stock
iPhone 14 Pro,1042,3.6,1812,Out of Stock
iPhone 13 Pro Max,758,4.4,8551,In Stock
iPhone 13 Pro,917,3.7,8535,Out of Stock
iPhone 11,503,4.7,4133,In Stock
iPhone XR,1492,3.7,7689,In Stock
iPhone 14,736,4.7,1313,Out of Stock
iPhone 13 Pro Max,738,4.4,11159,In Stock
iPhone 13 Pro,1419,4.2,2372,Limited Stock
iPhone 14 Pro,465,4.2,10991,Out of Stock
iPhone 7,1069,3.8,5134,Out of Stock
iPhone 13 Pro Max,1119,4.3,7993,Out of Stock
iPhone 13 Pro Max,1161,4.2,14516,In Stock
iPhone 15 Pro,1249,4.0,9968,Coming Soon
iPhone 8,1423,4.3,12575,Out of Stock
iPhone 15 Pro,1224,4.3,8476,Out of Stock
iPhone 15,1308,4.2,8296,In Stock
iPhone 14,1379,4.6,10602,In Stock
iPhone 7,154,3.9,9367,Out of Stock
iPhone 12 Mini,1354,3.6,9693,In Stock
iPhone 14 Pro Max,726,4.3,1307,In Stock
iPhone SE (3rd Gen),1491,3.6,1216,In Stock
iPhone 13 Pro,1487,4.8,2486,Out of Stock
iPhone 13 Mini,611,4.7,4204,Out of Stock
iPhone X,285,4.9,7674,Limited Stock
iPhone 11 Pro Max,1087,3.9,4139,Coming Soon
iPhone 15 Plus,1211,3.6,14323,Coming Soon
iPhone 15,487,4.4,6050,In Stock
iPhone 11 Pro,296,4.0,7607,Coming Soon
iPhone 8 Plus,1017,4.1,9194,Limited Stock
iPhone 11,362,4.7,5702,Out of Stock
iPhone SE (3rd Gen),1435,4.4,10855,Coming Soon
iPhone 12 Pro Max,1025,3.6,3929,In Stock
iPhone 11 Pro Max,810,4.2,10822,Limited Stock
iPhone 15 Pro,177,4.3,10920,Coming Soon
iPhone 11 Pro Max,1203,3.9,10308,In Stock
iPhone 14 Plus,1151,4.8,9511,Coming Soon
iPhone 15 Plus,624,4.8,6839,Limited Stock
iPhone 15 Plus,970,4.3,8900,Out of Stock
iPhone 13,884,3.6,8158,Out of Stock
iPhone 11 Pro,709,3.9,1048,Limited Stock
iPhone X,499,4.1,3111,Out of Stock
iPhone X,562,4.5,8935,Coming Soon
iPhone 15 Pro Max,1276,3.6,9623,Out of Stock
iPhone 12 Mini,1417,3.6,11867,Limited Stock
iPhone 8,304,4.6,2045,Out of Stock
iPhone 13 Pro Max,1023,4.8,3792,Out of Stock
iPhone 7 Plus,509,4.4,5291,Limited Stock
iPhone 12 Pro Max,222,3.7,8639,In Stock
iPhone 8 Plus,1225,4.0,14773,Coming Soon
iPhone 8 Plus,1026,4.3,9148,In Stock
iPhone 14 Plus,1073,4.8,7805,Out of Stock
iPhone 12,338,4.8,5506,In Stock
iPhone 12 Mini,561,4.0,13192,Coming Soon
iPhone 13 Mini,1139,3.7,9145,Coming Soon
iPhone XR,234,4.0,12112,Limited Stock
iPhone 15 Plus,1381,4.4,1143,Coming Soon
iPhone 12 Mini,1260,4.1,8238,In Stock
iPhone 7,480,4.4,9747,Coming Soon
iPhone 12 Mini,1318,4.8,13886,Limited Stock
iPhone 12 Mini,1073,4.8,3829,Coming Soon
iPhone 13,284,4.4,13979,Limited Stock
iPhone 7,334,4.6,13882,In Stock
iPhone 14 Pro Max,832,5.0,7316,Limited Stock
iPhone 13,1240,4.3,6936,In Stock
iPhone 15 Plus,1417,4.0,10889,In Stock
iPhone 14,293,4.1,11034,In Stock
iPhone 11 Pro Max,1385,3.9,9875,Out of Stock
iPhone 12,1354,3.6,10357,In Stock
iPhone XR,1485,4.7,5633,In Stock
iPhone 7 Plus,165,4.9,8232,Out of Stock
iPhone 13 Mini,455,3.8,821,In Stock
iPhone 12,1240,3.8,8787,Coming Soon
iPhone 14 Pro Max,1205,4.3,1530,Out of Stock
iPhone 7,1322,3.5,10089,Out of Stock
iPhone 14 Plus,1240,4.7,8676,Out of Stock
iPhone X,465,4.5,1162,In Stock
iPhone 8,1350,4.9,7989,In Stock
iPhone 7,256,4.6,6242,Limited Stock
iPhone XR,929,4.0,5847,Coming Soon
iPhone SE (3rd Gen),496,4.7,1924,In Stock
iPhone 12 Mini,462,3.9,13880,Limited Stock
iPhone X,444,3.7,7117,Limited Stock
iPhone X,1083,3.6,1667,In Stock
iPhone 13 Pro Max,957,3.5,9983,Limited Stock
iPhone 11,419,4.0,3907,Coming Soon
iPhone 15 Pro Max,1206,3.8,13222,Limited Stock
iPhone X,907,3.7,3257,In Stock
iPhone 13 Pro,518,3.9,7067,Limited Stock
iPhone 14 Pro Max,857,4.5,4123,Out of Stock
iPhone 7,693,3.9,1767,Out of Stock
iPhone 14,1064,4.9,750,In Stock
iPhone 11 Pro,252,3.7,7281,In Stock
iPhone 15,1233,3.5,9033,In Stock
iPhone 11,1344,4.1,12975,Out of Stock
iPhone 15 Plus,811,3.6,14036,In Stock
iPhone 7,1463,5.0,13046,In Stock
iPhone 8,468,3.9,6680,Coming Soon
iPhone 14 Plus,904,5.0,8800,Out of Stock
iPhone 7,472,4.0,11582,Limited Stock
iPhone 12,160,4.4,12293,Limited Stock
iPhone 7 Plus,1404,4.6,1973,Limited Stock
iPhone 14 Pro Max,418,3.6,5528,Coming Soon
iPhone 8 Plus,1350,4.9,3571,Out of Stock
iPhone 12 Pro Max,1049,3.8,528,Out of Stock
iPhone 7 Plus,1394,4.1,3534,Limited Stock
iPhone 8 Plus,576,5.0,11511,Coming Soon
iPhone 13 Mini,202,3.9,11173,Limited Stock
iPhone X,768,4.5,8615,In Stock
iPhone 7,1139,4.0,7275,Coming Soon
iPhone 11 Pro Max,970,4.9,7785,Out of Stock
iPhone XR,855,3.8,6381,Out of Stock
iPhone 12 Pro,781,4.4,5766,Out of Stock
iPhone 13 Mini,1053,4.0,7102,Out of Stock
iPhone 15 Pro Max,381,3.9,10886,Coming Soon
iPhone 13 Pro,1359,3.8,7673,Out of Stock
iPhone SE (3rd Gen),728,3.7,5716,In Stock
iPhone 13 Pro Max,1185,3.8,3699,Coming Soon
iPhone 7,532,3.6,10060,Limited Stock
iPhone 15,1156,4.4,1548,In Stock
iPhone 8,725,3.5,8791,Coming Soon
iPhone 12 Pro Max,1069,4.1,4105,In Stock
iPhone 12 Pro,369,4.6,7455,Limited Stock
iPhone 11 Pro Max,347,4.8,4006,In Stock
iPhone 14 Pro Max,713,4.3,11501,Limited Stock
iPhone 12 Pro,506,3.7,12158,Out of Stock
iPhone 8,1427,4.7,2410,Limited Stock
iPhone XR,715,4.4,8306,In Stock
iPhone 11,514,4.0,13109,Coming Soon
iPhone 12 Pro,264,4.8,7292,In Stock
iPhone 12,713,4.0,10138,Limited Stock
iPhone 12 Pro,278,4.5,1136,Limited Stock
iPhone 14 Plus,302,4.4,14975,Coming Soon
iPhone 14 Pro Max,881,3.6,10077,Limited Stock
iPhone 15 Plus,437,4.9,8045,In Stock
iPhone 11 Pro Max,284,4.6,5829,Coming Soon
iPhone 12 Pro Max,1112,4.2,3062,Limited Stock
iPhone 13 Pro,752,4.9,14682,Out of Stock
iPhone 8,836,4.7,10904,Limited Stock
iPhone XR,1080,4.2,13287,Coming Soon
iPhone 15 Pro,1453,4.6,6363,Out of Stock
iPhone 14 Pro,847,3.8,4676,Out of Stock
iPhone XR,264,4.0,10353,In Stock
iPhone X,1220,3.9,14788,In Stock
iPhone 13 Pro Max,535,3.7,4357,Limited Stock
iPhone 13,676,4.8,14597,In Stock
iPhone 8 Plus,1163,3.5,4985,Out of Stock
iPhone 15 Pro Max,1483,4.5,13481,Coming Soon
iPhone 14 Pro,878,4.1,9158,In Stock
iPhone 13 Mini,965,3.9,9247,Coming Soon
iPhone X,336,4.3,1879,Out of Stock
iPhone 13,658,4.9,12789,In Stock
iPhone 8 Plus,202,4.3,2698,In Stock
iPhone 11 Pro,1151,3.7,13874,Limited Stock
iPhone 13 Pro,814,4.6,5775,Coming Soon
iPhone XR,701,4.5,8779,Coming Soon
iPhone 11,769,3.8,11458,Out of Stock
iPhone 12 Mini,1222,4.7,11467,Out of Stock
iPhone X,531,4.7,682,Limited Stock
iPhone 14,332,4.4,14876,Coming Soon
iPhone 14 Pro,1365,4.6,10373,In Stock
iPhone 12 Mini,753,3.7,11851,In Stock
iPhone 14 Pro,905,4.3,8686,Coming Soon
iPhone X,1224,4.9,3854,Limited Stock
iPhone 13 Mini,435,3.6,5738,In Stock
iPhone 11 Pro Max,235,4.7,13721,In Stock
iPhone 8,216,4.3,14897,In Stock
iPhone 13 Pro,350,4.5,6509,Coming Soon
iPhone 8 Plus,557,4.3,14747,Out of Stock
iPhone XR,350,4.9,3902,In Stock
iPhone 11 Pro,793,4.1,1642,Out of Stock
iPhone 14 Plus,671,4.2,13076,Coming Soon
iPhone 12 Mini,588,4.8,14175,In Stock
iPhone 12 Mini,940,4.9,14115,In Stock
iPhone 8,551,3.7,7494,Coming Soon
iPhone SE (3rd Gen),401,4.3,2750,Out of Stock
iPhone 13 Pro Max,190,4.6,2622,Coming Soon
iPhone 14 Pro Max,1403,4.3,5758,Limited Stock
iPhone 15 Pro,944,4.8,12046,Out of Stock
iPhone 12 Pro Max,691,4.6,4702,Out of Stock
iPhone 11 Pro Max,1026,4.6,657,Limited Stock
iPhone 12 Pro,1173,4.4,1277,Out of Stock
iPhone 14 Plus,682,4.5,6392,In Stock
iPhone 8 Plus,933,3.6,5602,In Stock
iPhone 15 Pro,983,4.0,7616,In Stock
iPhone 15 Pro,1017,4.7,11367,Out of Stock
iPhone 15,677,4.0,11221,Limited Stock
iPhone 15 Plus,715,4.8,11577,Coming Soon
iPhone 15 Pro,354,4.2,12718,Coming Soon
iPhone 8 Plus,1035,4.3,8446,Coming Soon
iPhone 13,477,3.9,3503,Limited Stock
iPhone 13 Mini,999,4.3,6022,Out of Stock
iPhone 11 Pro,1249,4.3,8882,In Stock
iPhone 13 Mini,1015,4.6,14763,Out of Stock
iPhone 13 Pro,1343,4.2,12089,Out of Stock
iPhone SE (3rd Gen),1169,3.9,12406,Limited Stock
iPhone 14,1465,4.8,5154,Out of Stock
iPhone 7 Plus,1178,4.4,3591,Coming Soon
iPhone 13 Pro,1364,3.6,9003,In Stock
iPhone 13,654,4.8,12324,Coming Soon
iPhone 11 Pro,527,4.5,8427,Limited Stock
iPhone 15 Pro Max,1244,3.7,13120,Out of Stock
iPhone 15 Pro,1057,4.0,5874,Coming Soon
iPhone 12 Pro,1399,3.7,5440,Coming Soon
iPhone 15 Plus,931,3.8,7820,Limited Stock
iPhone 7,528,4.7,10368,Out of Stock
iPhone 12,943,4.9,8870,Out of Stock
iPhone 13 Pro Max,1363,4.8,6990,Coming Soon
iPhone 12 Mini,1191,4.3,3260,In Stock
iPhone 14 Pro,290,4.1,2509,In Stock
iPhone 14 Pro,1135,4.8,7594,Out of Stock
iPhone 12,1243,4.2,12643,In Stock
iPhone 15,171,3.9,12560,Out of Stock
iPhone 14 Pro,756,4.6,12019,Out of Stock
iPhone 14,1084,4.7,2547,Coming Soon
iPhone SE (3rd Gen),367,4.5,10851,Out of Stock
iPhone SE (3rd Gen),924,4.7,9095,Limited Stock
iPhone X,1347,4.1,11597,Out of Stock
iPhone 12 Mini,1351,4.4,13916,Coming Soon
iPhone 12 Mini,1418,4.8,2530,Limited Stock
iPhone 11 Pro,763,3.9,5767,In Stock
iPhone 13 Pro Max,278,4.7,983,In Stock
iPhone 13,1112,4.8,14429,Coming Soon
iPhone 14 Pro,312,4.6,10227,Out of Stock
iPhone 14,955,3.6,14034,Coming Soon
iPhone 15,1180,4.5,766,Limited Stock
iPhone 7 Plus,1091,3.8,1477,Limited Stock
iPhone 13,1472,4.4,5008,In Stock
iPhone 14 Pro,930,3.9,8377,In Stock
iPhone 14 Pro Max,1430,4.9,13833,Coming Soon
iPhone 11 Pro Max,1153,4.9,4659,In Stock
iPhone XR,1250,4.6,2164,Out of Stock
iPhone 14 Pro,1135,4.2,10620,Coming Soon
iPhone 14 Pro Max,172,4.7,1782,Out of Stock
iPhone 15 Plus,428,5.0,8416,Coming Soon
iPhone XR,1384,4.2,2077,Coming Soon
iPhone 12 Mini,1257,4.5,4639,Limited Stock
iPhone 14 Pro,526,3.7,11354,Out of Stock
iPhone 14 Pro,529,5.0,6525,Coming Soon
iPhone 15 Plus,1006,4.6,13593,Limited Stock
iPhone 15 Plus,342,3.8,816,In Stock
iPhone 14,1330,4.1,5662,Limited Stock
iPhone 11 Pro,256,4.8,7814,Coming Soon
iPhone 15,1041,4.7,9087,Limited Stock
iPhone SE (3rd Gen),1070,4.0,13725,In Stock
iPhone 14 Pro,319,3.9,5485,In Stock
iPhone XR,369,4.4,2716,Limited Stock
iPhone 15,615,4.2,6800,Coming Soon
iPhone 12 Mini,356,4.1,6259,Coming Soon
iPhone 14 Plus,187,4.5,9900,In Stock
iPhone 8 Plus,826,4.1,1310,Limited Stock
iPhone 13 Pro,1339,4.7,2073,Coming Soon
iPhone 7,1212,4.0,9849,Out of Stock
iPhone X,1081,4.5,7252,In Stock
iPhone 12 Pro,693,3.6,2901,Limited Stock
iPhone 15 Pro,221,3.6,11800,Out of Stock
iPhone 15,1148,4.5,10610,Out of Stock
iPhone SE (3rd Gen),328,3.6,1134,In Stock
iPhone 7 Plus,826,4.0,4288,Coming Soon
iPhone 13,763,4.9,3238,In Stock
iPhone 13 Pro Max,931,3.7,14726,Limited Stock
iPhone 11,1378,3.5,9777,In Stock
iPhone 13 Pro,923,4.8,11024,In Stock
iPhone 12 Mini,510,4.0,3553,Out of Stock
iPhone 12 Pro,754,4.1,13225,Limited Stock
iPhone 12 Pro,1038,4.6,13328,In Stock
iPhone 12,1345,4.8,4526,Out of Stock
iPhone 15 Plus,1030,3.6,3524,Coming Soon
iPhone SE (3rd Gen),880,4.1,2251,In Stock
iPhone 12 Pro,785,3.8,8615,In Stock
iPhone 14,955,3.8,6835,Out of Stock
iPhone SE (3rd Gen),189,4.1,5848,In Stock
iPhone 12 Pro Max,698,4.8,9694,In Stock
iPhone 15,939,3.8,12366,Limited Stock
iPhone X,861,4.4,13612,Limited Stock
